images,labels,video_id
/work/cvcs2026/latent_space_cowboys/datasets/bleeding_segmentation_v1p0/images/00540.jpg,/work/cvcs2026/latent_space_cowboys/datasets/bleeding_segmentation_v1p0/masks/00540.png,bleeding_segmentation_v1p0
/work/cvcs2026/latent_space_cowboys/datasets/bleeding_segmentation_v1p0/images/00509.jpg,/work/cvcs2026/latent_space_cowboys/datasets/bleeding_segmentation_v1p0/masks/00509.png,bleeding_segmentation_v1p0
/work/cvcs2026/latent_space_cowboys/datasets/bleeding_segmentation_v1p0/images/00720.jpg,/work/cvcs2026/latent_space_cowboys/datasets/bleeding_segmentation_v1p0/masks/00720.png,bleeding_segmentation_v1p0
/work/cvcs2026/latent_space_cowboys/datasets/bleeding_segmentation_v1p0/images/00490.jpg,/work/cvcs2026/latent_space_cowboys/datasets/bleeding_segmentation_v1p0/masks/00490.png,bleeding_segmentation_v1p0
/work/cvcs2026/latent_space_cowboys/datasets/bleeding_segmentation_v1p0/images/00072.jpg,/work/cvcs2026/latent_space_cowboys/datasets/bleeding_segmentation_v1p0/masks/00072.png,bleeding_segmentation_v1p0
/work/cvcs2026/latent_space_cowboys/datasets/bleeding_segmentation_v1p0/images/00235.jpg,/work/cvcs2026/latent_space_cowboys/datasets/bleeding_segmentation_v1p0/masks/00235.png,bleeding_segmentation_v1p0
/work/cvcs2026/latent_space_cowboys/datasets/bleeding_segmentation_v1p0/images/00192.jpg,/work/cvcs2026/latent_space_cowboys/datasets/bleeding_segmentation_v1p0/masks/00192.png,bleeding_segmentation_v1p0
/work/cvcs2026/latent_space_cowboys/datasets/bleeding_segmentation_v1p0/images/00655.jpg,/work/cvcs2026/latent_space_cowboys/datasets/bleeding_segmentation_v1p0/masks/00655.png,bleeding_segmentation_v1p0
/work/cvcs2026/latent_space_cowboys/datasets/bleeding_segmentation_v1p0/images/00349.jpg,/work/cvcs2026/latent_space_cowboys/datasets/bleeding_segmentation_v1p0/masks/00349.png,bleeding_segmentation_v1p0
/work/cvcs2026/latent_space_cowboys/datasets/bleeding_segmentation_v1p0/images/00442.jpg,/work/cvcs2026/latent_space_cowboys/datasets/bleeding_segmentation_v1p0/masks/00442.png,bleeding_segmentation_v1p0
/work/cvcs2026/latent_space_cowboys/datasets/bleeding_segmentation_v1p0/images/00296.jpg,/work/cvcs2026/latent_space_cowboys/datasets/bleeding_segmentation_v1p0/masks/00296.png,bleeding_segmentation_v1p0
/work/cvcs2026/latent_space_cowboys/datasets/bleeding_segmentation_v1p0/images/00147.jpg,/work/cvcs2026/latent_space_cowboys/datasets/bleeding_segmentation_v1p0/masks/00147.png,bleeding_segmentation_v1p0
/work/cvcs2026/latent_space_cowboys/datasets/bleeding_segmentation_v1p0/images/00595.jpg,/work/cvcs2026/latent_space_cowboys/datasets/bleeding_segmentation_v1p0/masks/00595.png,bleeding_segmentation_v1p0
/work/cvcs2026/latent_space_cowboys/datasets/bleeding_segmentation_v1p0/images/00043.jpg,/work/cvcs2026/latent_space_cowboys/datasets/bleeding_segmentation_v1p0/masks/00043.png,bleeding_segmentation_v1p0
/work/cvcs2026/latent_space_cowboys/datasets/bleeding_segmentation_v1p0/images/00027.jpg,/work/cvcs2026/latent_space_cowboys/datasets/bleeding_segmentation_v1p0/masks/00027.png,bleeding_segmentation_v1p0
/work/cvcs2026/latent_space_cowboys/datasets/bleeding_segmentation_v1p0/images/00552.jpg,/work/cvcs2026/latent_space_cowboys/datasets/bleeding_segmentation_v1p0/masks/00552.png,bleeding_segmentation_v1p0
/work/cvcs2026/latent_space_cowboys/datasets/bleeding_segmentation_v1p0/images/00469.jpg,/work/cvcs2026/latent_space_cowboys/datasets/bleeding_segmentation_v1p0/masks/00469.png,bleeding_segmentation_v1p0
/work/cvcs2026/latent_space_cowboys/datasets/bleeding_segmentation_v1p0/images/00304.jpg,/work/cvcs2026/latent_space_cowboys/datasets/bleeding_segmentation_v1p0/masks/00304.png,bleeding_segmentation_v1p0
/work/cvcs2026/latent_space_cowboys/datasets/bleeding_segmentation_v1p0/images/00513.jpg,/work/cvcs2026/latent_space_cowboys/datasets/bleeding_segmentation_v1p0/masks/00513.png,bleeding_segmentation_v1p0
/work/cvcs2026/latent_space_cowboys/datasets/bleeding_segmentation_v1p0/images/00111.jpg,/work/cvcs2026/latent_space_cowboys/datasets/bleeding_segmentation_v1p0/masks/00111.png,bleeding_segmentation_v1p0
/work/cvcs2026/latent_space_cowboys/datasets/bleeding_segmentation_v1p0/images/00374.jpg,/work/cvcs2026/latent_space_cowboys/datasets/bleeding_segmentation_v1p0/masks/00374.png,bleeding_segmentation_v1p0
/work/cvcs2026/latent_space_cowboys/datasets/bleeding_segmentation_v1p0/images/00136.jpg,/work/cvcs2026/latent_space_cowboys/datasets/bleeding_segmentation_v1p0/masks/00136.png,bleeding_segmentation_v1p0
/work/cvcs2026/latent_space_cowboys/datasets/bleeding_segmentation_v1p0/images/00333.jpg,/work/cvcs2026/latent_space_cowboys/datasets/bleeding_segmentation_v1p0/masks/00333.png,bleeding_segmentation_v1p0
/work/cvcs2026/latent_space_cowboys/datasets/bleeding_segmentation_v1p0/images/00726.jpg,/work/cvcs2026/latent_space_cowboys/datasets/bleeding_segmentation_v1p0/masks/00726.png,bleeding_segmentation_v1p0
/work/cvcs2026/latent_space_cowboys/datasets/bleeding_segmentation_v1p0/images/00004.jpg,/work/cvcs2026/latent_space_cowboys/datasets/bleeding_segmentation_v1p0/masks/00004.png,bleeding_segmentation_v1p0
/work/cvcs2026/latent_space_cowboys/datasets/bleeding_segmentation_v1p0/images/00533.jpg,/work/cvcs2026/latent_space_cowboys/datasets/bleeding_segmentation_v1p0/masks/00533.png,bleeding_segmentation_v1p0
/work/cvcs2026/latent_space_cowboys/datasets/bleeding_segmentation_v1p0/images/00096.jpg,/work/cvcs2026/latent_space_cowboys/datasets/bleeding_segmentation_v1p0/masks/00096.png,bleeding_segmentation_v1p0
/work/cvcs2026/latent_space_cowboys/datasets/bleeding_segmentation_v1p0/images/00401.jpg,/work/cvcs2026/latent_space_cowboys/datasets/bleeding_segmentation_v1p0/masks/00401.png,bleeding_segmentation_v1p0
/work/cvcs2026/latent_space_cowboys/datasets/bleeding_segmentation_v1p0/images/00697.jpg,/work/cvcs2026/latent_space_cowboys/datasets/bleeding_segmentation_v1p0/masks/00697.png,bleeding_segmentation_v1p0
/work/cvcs2026/latent_space_cowboys/datasets/bleeding_segmentation_v1p0/images/00455.jpg,/work/cvcs2026/latent_space_cowboys/datasets/bleeding_segmentation_v1p0/masks/00455.png,bleeding_segmentation_v1p0
/work/cvcs2026/latent_space_cowboys/datasets/bleeding_segmentation_v1p0/images/00364.jpg,/work/cvcs2026/latent_space_cowboys/datasets/bleeding_segmentation_v1p0/masks/00364.png,bleeding_segmentation_v1p0
/work/cvcs2026/latent_space_cowboys/datasets/bleeding_segmentation_v1p0/images/00170.jpg,/work/cvcs2026/latent_space_cowboys/datasets/bleeding_segmentation_v1p0/masks/00170.png,bleeding_segmentation_v1p0
/work/cvcs2026/latent_space_cowboys/datasets/bleeding_segmentation_v1p0/images/00664.jpg,/work/cvcs2026/latent_space_cowboys/datasets/bleeding_segmentation_v1p0/masks/00664.png,bleeding_segmentation_v1p0
/work/cvcs2026/latent_space_cowboys/datasets/bleeding_segmentation_v1p0/images/00417.jpg,/work/cvcs2026/latent_space_cowboys/datasets/bleeding_segmentation_v1p0/masks/00417.png,bleeding_segmentation_v1p0
/work/cvcs2026/latent_space_cowboys/datasets/bleeding_segmentation_v1p0/images/00465.jpg,/work/cvcs2026/latent_space_cowboys/datasets/bleeding_segmentation_v1p0/masks/00465.png,bleeding_segmentation_v1p0
/work/cvcs2026/latent_space_cowboys/datasets/bleeding_segmentation_v1p0/images/00662.jpg,/work/cvcs2026/latent_space_cowboys/datasets/bleeding_segmentation_v1p0/masks/00662.png,bleeding_segmentation_v1p0
/work/cvcs2026/latent_space_cowboys/datasets/bleeding_segmentation_v1p0/images/00311.jpg,/work/cvcs2026/latent_space_cowboys/datasets/bleeding_segmentation_v1p0/masks/00311.png,bleeding_segmentation_v1p0
/work/cvcs2026/latent_space_cowboys/datasets/bleeding_segmentation_v1p0/images/00270.jpg,/work/cvcs2026/latent_space_cowboys/datasets/bleeding_segmentation_v1p0/masks/00270.png,bleeding_segmentation_v1p0
/work/cvcs2026/latent_space_cowboys/datasets/bleeding_segmentation_v1p0/images/00240.jpg,/work/cvcs2026/latent_space_cowboys/datasets/bleeding_segmentation_v1p0/masks/00240.png,bleeding_segmentation_v1p0
/work/cvcs2026/latent_space_cowboys/datasets/bleeding_segmentation_v1p0/images/00372.jpg,/work/cvcs2026/latent_space_cowboys/datasets/bleeding_segmentation_v1p0/masks/00372.png,bleeding_segmentation_v1p0
/work/cvcs2026/latent_space_cowboys/datasets/bleeding_segmentation_v1p0/images/00087.jpg,/work/cvcs2026/latent_space_cowboys/datasets/bleeding_segmentation_v1p0/masks/00087.png,bleeding_segmentation_v1p0
/work/cvcs2026/latent_space_cowboys/datasets/bleeding_segmentation_v1p0/images/00492.jpg,/work/cvcs2026/latent_space_cowboys/datasets/bleeding_segmentation_v1p0/masks/00492.png,bleeding_segmentation_v1p0
/work/cvcs2026/latent_space_cowboys/datasets/bleeding_segmentation_v1p0/images/00317.jpg,/work/cvcs2026/latent_space_cowboys/datasets/bleeding_segmentation_v1p0/masks/00317.png,bleeding_segmentation_v1p0
/work/cvcs2026/latent_space_cowboys/datasets/bleeding_segmentation_v1p0/images/00721.jpg,/work/cvcs2026/latent_space_cowboys/datasets/bleeding_segmentation_v1p0/masks/00721.png,bleeding_segmentation_v1p0
/work/cvcs2026/latent_space_cowboys/datasets/bleeding_segmentation_v1p0/images/00010.jpg,/work/cvcs2026/latent_space_cowboys/datasets/bleeding_segmentation_v1p0/masks/00010.png,bleeding_segmentation_v1p0
/work/cvcs2026/latent_space_cowboys/datasets/bleeding_segmentation_v1p0/images/00048.jpg,/work/cvcs2026/latent_space_cowboys/datasets/bleeding_segmentation_v1p0/masks/00048.png,bleeding_segmentation_v1p0
/work/cvcs2026/latent_space_cowboys/datasets/bleeding_segmentation_v1p0/images/00613.jpg,/work/cvcs2026/latent_space_cowboys/datasets/bleeding_segmentation_v1p0/masks/00613.png,bleeding_segmentation_v1p0
/work/cvcs2026/latent_space_cowboys/datasets/bleeding_segmentation_v1p0/images/00592.jpg,/work/cvcs2026/latent_space_cowboys/datasets/bleeding_segmentation_v1p0/masks/00592.png,bleeding_segmentation_v1p0
/work/cvcs2026/latent_space_cowboys/datasets/bleeding_segmentation_v1p0/images/00614.jpg,/work/cvcs2026/latent_space_cowboys/datasets/bleeding_segmentation_v1p0/masks/00614.png,bleeding_segmentation_v1p0
/work/cvcs2026/latent_space_cowboys/datasets/bleeding_segmentation_v1p0/images/00020.jpg,/work/cvcs2026/latent_space_cowboys/datasets/bleeding_segmentation_v1p0/masks/00020.png,bleeding_segmentation_v1p0
/work/cvcs2026/latent_space_cowboys/datasets/bleeding_segmentation_v1p0/images/00676.jpg,/work/cvcs2026/latent_space_cowboys/datasets/bleeding_segmentation_v1p0/masks/00676.png,bleeding_segmentation_v1p0
/work/cvcs2026/latent_space_cowboys/datasets/bleeding_segmentation_v1p0/images/00064.jpg,/work/cvcs2026/latent_space_cowboys/datasets/bleeding_segmentation_v1p0/masks/00064.png,bleeding_segmentation_v1p0
/work/cvcs2026/latent_space_cowboys/datasets/bleeding_segmentation_v1p0/images/00120.jpg,/work/cvcs2026/latent_space_cowboys/datasets/bleeding_segmentation_v1p0/masks/00120.png,bleeding_segmentation_v1p0
/work/cvcs2026/latent_space_cowboys/datasets/bleeding_segmentation_v1p0/images/00148.jpg,/work/cvcs2026/latent_space_cowboys/datasets/bleeding_segmentation_v1p0/masks/00148.png,bleeding_segmentation_v1p0
/work/cvcs2026/latent_space_cowboys/datasets/bleeding_segmentation_v1p0/images/00436.jpg,/work/cvcs2026/latent_space_cowboys/datasets/bleeding_segmentation_v1p0/masks/00436.png,bleeding_segmentation_v1p0
/work/cvcs2026/latent_space_cowboys/datasets/bleeding_segmentation_v1p0/images/00407.jpg,/work/cvcs2026/latent_space_cowboys/datasets/bleeding_segmentation_v1p0/masks/00407.png,bleeding_segmentation_v1p0
/work/cvcs2026/latent_space_cowboys/datasets/bleeding_segmentation_v1p0/images/00007.jpg,/work/cvcs2026/latent_space_cowboys/datasets/bleeding_segmentation_v1p0/masks/00007.png,bleeding_segmentation_v1p0
/work/cvcs2026/latent_space_cowboys/datasets/bleeding_segmentation_v1p0/images/00467.jpg,/work/cvcs2026/latent_space_cowboys/datasets/bleeding_segmentation_v1p0/masks/00467.png,bleeding_segmentation_v1p0
/work/cvcs2026/latent_space_cowboys/datasets/bleeding_segmentation_v1p0/images/00243.jpg,/work/cvcs2026/latent_space_cowboys/datasets/bleeding_segmentation_v1p0/masks/00243.png,bleeding_segmentation_v1p0
/work/cvcs2026/latent_space_cowboys/datasets/bleeding_segmentation_v1p0/images/00557.jpg,/work/cvcs2026/latent_space_cowboys/datasets/bleeding_segmentation_v1p0/masks/00557.png,bleeding_segmentation_v1p0
/work/cvcs2026/latent_space_cowboys/datasets/bleeding_segmentation_v1p0/images/00165.jpg,/work/cvcs2026/latent_space_cowboys/datasets/bleeding_segmentation_v1p0/masks/00165.png,bleeding_segmentation_v1p0
/work/cvcs2026/latent_space_cowboys/datasets/bleeding_segmentation_v1p0/images/00373.jpg,/work/cvcs2026/latent_space_cowboys/datasets/bleeding_segmentation_v1p0/masks/00373.png,bleeding_segmentation_v1p0
/work/cvcs2026/latent_space_cowboys/datasets/bleeding_segmentation_v1p0/images/00337.jpg,/work/cvcs2026/latent_space_cowboys/datasets/bleeding_segmentation_v1p0/masks/00337.png,bleeding_segmentation_v1p0
/work/cvcs2026/latent_space_cowboys/datasets/bleeding_segmentation_v1p0/images/00746.jpg,/work/cvcs2026/latent_space_cowboys/datasets/bleeding_segmentation_v1p0/masks/00746.png,bleeding_segmentation_v1p0
/work/cvcs2026/latent_space_cowboys/datasets/bleeding_segmentation_v1p0/images/00630.jpg,/work/cvcs2026/latent_space_cowboys/datasets/bleeding_segmentation_v1p0/masks/00630.png,bleeding_segmentation_v1p0
/work/cvcs2026/latent_space_cowboys/datasets/bleeding_segmentation_v1p0/images/00381.jpg,/work/cvcs2026/latent_space_cowboys/datasets/bleeding_segmentation_v1p0/masks/00381.png,bleeding_segmentation_v1p0
/work/cvcs2026/latent_space_cowboys/datasets/bleeding_segmentation_v1p0/images/00493.jpg,/work/cvcs2026/latent_space_cowboys/datasets/bleeding_segmentation_v1p0/masks/00493.png,bleeding_segmentation_v1p0
/work/cvcs2026/latent_space_cowboys/datasets/bleeding_segmentation_v1p0/images/00216.jpg,/work/cvcs2026/latent_space_cowboys/datasets/bleeding_segmentation_v1p0/masks/00216.png,bleeding_segmentation_v1p0
/work/cvcs2026/latent_space_cowboys/datasets/bleeding_segmentation_v1p0/images/00145.jpg,/work/cvcs2026/latent_space_cowboys/datasets/bleeding_segmentation_v1p0/masks/00145.png,bleeding_segmentation_v1p0
/work/cvcs2026/latent_space_cowboys/datasets/bleeding_segmentation_v1p0/images/00365.jpg,/work/cvcs2026/latent_space_cowboys/datasets/bleeding_segmentation_v1p0/masks/00365.png,bleeding_segmentation_v1p0
/work/cvcs2026/latent_space_cowboys/datasets/bleeding_segmentation_v1p0/images/00581.jpg,/work/cvcs2026/latent_space_cowboys/datasets/bleeding_segmentation_v1p0/masks/00581.png,bleeding_segmentation_v1p0
/work/cvcs2026/latent_space_cowboys/datasets/bleeding_segmentation_v1p0/images/00180.jpg,/work/cvcs2026/latent_space_cowboys/datasets/bleeding_segmentation_v1p0/masks/00180.png,bleeding_segmentation_v1p0
/work/cvcs2026/latent_space_cowboys/datasets/bleeding_segmentation_v1p0/images/00398.jpg,/work/cvcs2026/latent_space_cowboys/datasets/bleeding_segmentation_v1p0/masks/00398.png,bleeding_segmentation_v1p0
/work/cvcs2026/latent_space_cowboys/datasets/bleeding_segmentation_v1p0/images/00413.jpg,/work/cvcs2026/latent_space_cowboys/datasets/bleeding_segmentation_v1p0/masks/00413.png,bleeding_segmentation_v1p0
/work/cvcs2026/latent_space_cowboys/datasets/bleeding_segmentation_v1p0/images/00459.jpg,/work/cvcs2026/latent_space_cowboys/datasets/bleeding_segmentation_v1p0/masks/00459.png,bleeding_segmentation_v1p0
/work/cvcs2026/latent_space_cowboys/datasets/bleeding_segmentation_v1p0/images/00553.jpg,/work/cvcs2026/latent_space_cowboys/datasets/bleeding_segmentation_v1p0/masks/00553.png,bleeding_segmentation_v1p0
/work/cvcs2026/latent_space_cowboys/datasets/bleeding_segmentation_v1p0/images/00227.jpg,/work/cvcs2026/latent_space_cowboys/datasets/bleeding_segmentation_v1p0/masks/00227.png,bleeding_segmentation_v1p0
/work/cvcs2026/latent_space_cowboys/datasets/bleeding_segmentation_v1p0/images/00590.jpg,/work/cvcs2026/latent_space_cowboys/datasets/bleeding_segmentation_v1p0/masks/00590.png,bleeding_segmentation_v1p0
/work/cvcs2026/latent_space_cowboys/datasets/bleeding_segmentation_v1p0/images/00002.jpg,/work/cvcs2026/latent_space_cowboys/datasets/bleeding_segmentation_v1p0/masks/00002.png,bleeding_segmentation_v1p0
/work/cvcs2026/latent_space_cowboys/datasets/bleeding_segmentation_v1p0/images/00279.jpg,/work/cvcs2026/latent_space_cowboys/datasets/bleeding_segmentation_v1p0/masks/00279.png,bleeding_segmentation_v1p0
/work/cvcs2026/latent_space_cowboys/datasets/bleeding_segmentation_v1p0/images/00501.jpg,/work/cvcs2026/latent_space_cowboys/datasets/bleeding_segmentation_v1p0/masks/00501.png,bleeding_segmentation_v1p0
/work/cvcs2026/latent_space_cowboys/datasets/bleeding_segmentation_v1p0/images/00703.jpg,/work/cvcs2026/latent_space_cowboys/datasets/bleeding_segmentation_v1p0/masks/00703.png,bleeding_segmentation_v1p0
/work/cvcs2026/latent_space_cowboys/datasets/bleeding_segmentation_v1p0/images/00461.jpg,/work/cvcs2026/latent_space_cowboys/datasets/bleeding_segmentation_v1p0/masks/00461.png,bleeding_segmentation_v1p0
/work/cvcs2026/latent_space_cowboys/datasets/bleeding_segmentation_v1p0/images/00188.jpg,/work/cvcs2026/latent_space_cowboys/datasets/bleeding_segmentation_v1p0/masks/00188.png,bleeding_segmentation_v1p0
/work/cvcs2026/latent_space_cowboys/datasets/bleeding_segmentation_v1p0/images/00038.jpg,/work/cvcs2026/latent_space_cowboys/datasets/bleeding_segmentation_v1p0/masks/00038.png,bleeding_segmentation_v1p0
/work/cvcs2026/latent_space_cowboys/datasets/bleeding_segmentation_v1p0/images/00272.jpg,/work/cvcs2026/latent_space_cowboys/datasets/bleeding_segmentation_v1p0/masks/00272.png,bleeding_segmentation_v1p0
/work/cvcs2026/latent_space_cowboys/datasets/bleeding_segmentation_v1p0/images/00435.jpg,/work/cvcs2026/latent_space_cowboys/datasets/bleeding_segmentation_v1p0/masks/00435.png,bleeding_segmentation_v1p0
/work/cvcs2026/latent_space_cowboys/datasets/bleeding_segmentation_v1p0/images/00421.jpg,/work/cvcs2026/latent_space_cowboys/datasets/bleeding_segmentation_v1p0/masks/00421.png,bleeding_segmentation_v1p0
/work/cvcs2026/latent_space_cowboys/datasets/bleeding_segmentation_v1p0/images/00034.jpg,/work/cvcs2026/latent_space_cowboys/datasets/bleeding_segmentation_v1p0/masks/00034.png,bleeding_segmentation_v1p0
/work/cvcs2026/latent_space_cowboys/datasets/bleeding_segmentation_v1p0/images/00497.jpg,/work/cvcs2026/latent_space_cowboys/datasets/bleeding_segmentation_v1p0/masks/00497.png,bleeding_segmentation_v1p0
/work/cvcs2026/latent_space_cowboys/datasets/bleeding_segmentation_v1p0/images/00698.jpg,/work/cvcs2026/latent_space_cowboys/datasets/bleeding_segmentation_v1p0/masks/00698.png,bleeding_segmentation_v1p0
/work/cvcs2026/latent_space_cowboys/datasets/bleeding_segmentation_v1p0/images/00340.jpg,/work/cvcs2026/latent_space_cowboys/datasets/bleeding_segmentation_v1p0/masks/00340.png,bleeding_segmentation_v1p0
/work/cvcs2026/latent_space_cowboys/datasets/bleeding_segmentation_v1p0/images/00438.jpg,/work/cvcs2026/latent_space_cowboys/datasets/bleeding_segmentation_v1p0/masks/00438.png,bleeding_segmentation_v1p0
/work/cvcs2026/latent_space_cowboys/datasets/bleeding_segmentation_v1p0/images/00621.jpg,/work/cvcs2026/latent_space_cowboys/datasets/bleeding_segmentation_v1p0/masks/00621.png,bleeding_segmentation_v1p0
/work/cvcs2026/latent_space_cowboys/datasets/bleeding_segmentation_v1p0/images/00138.jpg,/work/cvcs2026/latent_space_cowboys/datasets/bleeding_segmentation_v1p0/masks/00138.png,bleeding_segmentation_v1p0
/work/cvcs2026/latent_space_cowboys/datasets/bleeding_segmentation_v1p0/images/00450.jpg,/work/cvcs2026/latent_space_cowboys/datasets/bleeding_segmentation_v1p0/masks/00450.png,bleeding_segmentation_v1p0
/work/cvcs2026/latent_space_cowboys/datasets/bleeding_segmentation_v1p0/images/00078.jpg,/work/cvcs2026/latent_space_cowboys/datasets/bleeding_segmentation_v1p0/masks/00078.png,bleeding_segmentation_v1p0
/work/cvcs2026/latent_space_cowboys/datasets/bleeding_segmentation_v1p0/images/00672.jpg,/work/cvcs2026/latent_space_cowboys/datasets/bleeding_segmentation_v1p0/masks/00672.png,bleeding_segmentation_v1p0
/work/cvcs2026/latent_space_cowboys/datasets/bleeding_segmentation_v1p0/images/00328.jpg,/work/cvcs2026/latent_space_cowboys/datasets/bleeding_segmentation_v1p0/masks/00328.png,bleeding_segmentation_v1p0
/work/cvcs2026/latent_space_cowboys/datasets/bleeding_segmentation_v1p0/images/00302.jpg,/work/cvcs2026/latent_space_cowboys/datasets/bleeding_segmentation_v1p0/masks/00302.png,bleeding_segmentation_v1p0
/work/cvcs2026/latent_space_cowboys/datasets/bleeding_segmentation_v1p0/images/00006.jpg,/work/cvcs2026/latent_space_cowboys/datasets/bleeding_segmentation_v1p0/masks/00006.png,bleeding_segmentation_v1p0
